Qsd,Qmax
0.005190053129025815,0.03643857762011524
0.004653954687593951,0.031958316660698365
0.005518413899145305,0.03903324319761526
0.006229690307390082,0.039771005845998984
0.005585401929192178,0.038619827199401456
0.00469437662267349,0.03412576212763862
0.0052387671254313616,0.03475037617736283
0.006416444734322526,0.04466017758902663
0.0045292954757026735,0.03127861300934389
0.006526371373261233,0.04565207345220577
