Qsd,Qmax
0.00485571591450633,0.03409814745894746
0.004713396783128942,0.03304835084374405
0.0051853019650833455,0.0363459680430736
0.005579206881146563,0.03590948994357221
0.0054530996746256265,0.03799351741551577
0.004758060461479435,0.031186882120106653
0.005169694235944333,0.0358824596797662
0.005646282604259427,0.039766762056282455
0.004846732144913579,0.03628662465732471
0.006259784239189985,0.04338162678192038
