Qsd,Qmax
0.004915898984256352,0.035620502236064805
0.0048462923964558285,0.03276865773173702
0.005287926973124049,0.037119870802753155
0.005390941995962815,0.03837161737049221
0.005270760955659144,0.039662927801622186
0.0051093290808349,0.03744416925927939
0.005299221449262893,0.036168923702429454
0.005841978918755989,0.04269597642259962
0.004884933548944495,0.034288249287512944
0.00631945783949013,0.04518642109057506
