,Qsd,Qmax
0,0.0032879721852206267,0.009311626240592097
1,0.0035313063976246417,0.010165855950210754
2,0.003450658700597447,0.01023006056031031
3,0.003527029570444227,0.01014973437855942
4,0.0031748517899980555,0.009147340822459122
5,0.003532279204611857,0.01016955260592261
6,0.00339798772910204,0.010081119790338941
7,0.0033696055680544103,0.0095447557170812
8,0.0032209173952421006,0.009189766552862388
9,0.0033698612439483702,0.009655295083412962
