,Qsd,Qmax
0,0.0044754209597332555,0.013070819986815911
1,0.004203780930127878,0.012267579052769213
2,0.004392703242437486,0.012710833133252811
3,0.0044021383738989525,0.012763097594017456
4,0.004475421448690492,0.013070825654661307
5,0.004291896474788846,0.012595714820508383
6,0.004380674617588859,0.012682043840319564
7,0.004287896252143423,0.012589527823390699
8,0.004226978426907984,0.01232398395904146
9,0.00420081989889838,0.012232886118771867
