,Qsd,Q
0,0.004073030996551738,0.01191703383460595
1,0.0038138683510652457,0.011029787454493291
2,0.0036397011738827454,0.011865881401401986
3,0.003958192140700625,0.011744841455600787
4,0.0029309611010433405,0.009172101580031356
5,0.0031402283561134396,0.00940286582980545
6,0.00386122396097587,0.012274643712108449
7,0.00560948917240594,0.018252945773133154
8,0.00473540461192142,0.01555437336022657
9,0.0036723055191319113,0.011369444670465113
