,Qsd,Q
0,0.017734438384811275,0.12413472070150995
1,0.01911991046801414,0.1399857607811949
2,0.018585072279828696,0.12999544572364102
3,0.01851699665631245,0.12992517704923573
4,0.018902600548809663,0.13544015342648996
5,0.0186850560569464,0.13181797406596268
6,0.017861376715423507,0.12569581144355058
7,0.017823936895726384,0.1255386814418506
8,0.01816347555712152,0.13071045754906013
9,0.01826720473930722,0.12809915802061078
