,Qsd,Q
0,0.01749239007234037,0.12331707436463432
1,0.019043119473655494,0.13494381907638534
2,0.01855733648958108,0.1286394609691472
3,0.018384765493174936,0.12970624217203477
4,0.018773428027614072,0.1303166488944471
5,0.01864530552976184,0.12984085829915126
6,0.01768758181352286,0.12345363429714067
7,0.01740172049030742,0.12288882644460351
8,0.018249916201447343,0.12965339955649846
9,0.01864006548214456,0.13694663690908332
