,Qsd,Qmax
0,0.004148620098690682,0.013298722658004894
1,0.004158853069707396,0.013293331414317766
2,0.004159291071777461,0.013298722658004894
3,0.004153216283830215,0.013293173178139262
4,0.004142202123602691,0.013195436348600464
5,0.004151632259489858,0.013293173178139262
6,0.004183153605088769,0.01348828388287043
7,0.004177109408159848,0.013396617723722196
8,0.004130305879985254,0.013195436348600464
9,0.0041595696046938324,0.013298722658004894
